Customer Id,Location,Stops,apple,banana,tomato,carrot
1,"27.194912, 31.170663",0,30,0,30,0
2,"30.041785, 31.336400",0,100,0,20,0
3,"30.065739, 31.157911",0,50,0,0,50
4,"30.051256, 31.294730",1,50,100,0,0
5,"30.777963, 31.033020",1,0,40,0,80
6,"31.033550, 31.429218",1,0,150,0,0
7,"31.016949, 31.269983",2,100,0,0,0
8,"31.137431, 29.977387",2,0,0,80,0
9,"30.880370, 29.502285",1,0,0,40,60
10,"31.387000, 31.572562",1,50,60,70,50